"","name","gender","count","year","rank"
"1","Mary","F",51479,1960,1
"2","Susan","F",39198,1960,2
"3","Linda","F",37315,1960,3
"4","Karen","F",36385,1960,4
"5","Donna","F",34132,1960,5
"6","Lisa","F",33705,1960,6
"7","Patricia","F",32102,1960,7
"8","Debra","F",26738,1960,8
"9","Cynthia","F",26724,1960,9
"10","Deborah","F",25271,1960,10
"11","Sandra","F",24573,1960,11
"12","Barbara","F",24443,1960,12
"13","Brenda","F",23956,1960,13
"14","Pamela","F",22098,1960,14
"15","Nancy","F",21899,1960,15
"16","Sharon","F",20427,1960,16
"17","Cheryl","F",19125,1960,17
"18","Elizabeth","F",18856,1960,18
"19","Teresa","F",18833,1960,19
"20","Lori","F",18686,1960,20
"21","Mary","F",47660,1961,1
"22","Lisa","F",42693,1961,2
"23","Susan","F",37521,1961,3
"24","Linda","F",35572,1961,4
"25","Karen","F",34688,1961,5
"26","Patricia","F",28860,1961,6
"27","Donna","F",28667,1961,7
"28","Cynthia","F",24376,1961,8
"29","Sandra","F",24137,1961,9
"30","Deborah","F",24086,1961,10
"31","Brenda","F",23769,1961,11
"32","Barbara","F",22984,1961,12
"33","Debra","F",22150,1961,13
"34","Lori","F",21873,1961,14
"35","Pamela","F",21682,1961,15
"36","Nancy","F",20710,1961,16
"37","Sharon","F",20441,1961,17
"38","Teresa","F",18900,1961,18
"39","Elizabeth","F",18847,1961,19
"40","Cheryl","F",18289,1961,20
"41","Lisa","F",46085,1962,1
"42","Mary","F",43494,1962,2
"43","Susan","F",35746,1962,3
"44","Karen","F",35183,1962,4
"45","Linda","F",31462,1962,5
"46","Patricia","F",26540,1962,6
"47","Donna","F",25726,1962,7
"48","Cynthia","F",24018,1962,8
"49","Deborah","F",22892,1962,9
"50","Sandra","F",22415,1962,10
"51","Lori","F",22389,1962,11
"52","Pamela","F",21276,1962,12
"53","Brenda","F",21272,1962,13
"54","Barbara","F",20651,1962,14
"55","Debra","F",20603,1962,15
"56","Kimberly","F",20363,1962,16
"57","Sharon","F",19626,1962,17
"58","Teresa","F",18514,1962,18
"59","Nancy","F",18028,1962,19
"60","Elizabeth","F",17800,1962,20
"61","Lisa","F",56038,1963,1
"62","Mary","F",41550,1963,2
"63","Susan","F",33991,1963,3
"64","Karen","F",32484,1963,4
"65","Linda","F",27710,1963,5
"66","Donna","F",25396,1963,6
"67","Patricia","F",25357,1963,7
"68","Lori","F",23905,1963,8
"69","Sandra","F",21607,1963,9
"70","Cynthia","F",21591,1963,10
"71","Kimberly","F",21232,1963,11
"72","Tammy","F",21188,1963,12
"73","Deborah","F",21063,1963,13
"74","Pamela","F",20582,1963,14
"75","Brenda","F",19604,1963,15
"76","Laura","F",18507,1963,16
"77","Barbara","F",18286,1963,17
"78","Teresa","F",17966,1963,18
"79","Sharon","F",17797,1963,19
"80","Elizabeth","F",17590,1963,20
"81","Lisa","F",54276,1964,1
"82","Mary","F",40984,1964,2
"83","Susan","F",31515,1964,3
"84","Karen","F",30244,1964,4
"85","Patricia","F",26085,1964,5
"86","Kimberly","F",24127,1964,6
"87","Donna","F",23808,1964,7
"88","Linda","F",23630,1964,8
"89","Cynthia","F",20323,1964,9
"90","Tammy","F",20047,1964,10
"91","Pamela","F",19820,1964,11
"92","Deborah","F",19304,1964,12
"93","Sandra","F",19248,1964,13
"94","Laura","F",18971,1964,14
"95","Lori","F",18626,1964,15
"96","Elizabeth","F",17282,1964,16
"97","Julie","F",17282,1964,17
"98","Brenda","F",17103,1964,18
"99","Barbara","F",16472,1964,19
"100","Sharon","F",16444,1964,20
"101","Lisa","F",60263,1965,1
"102","Mary","F",34272,1965,2
"103","Karen","F",32875,1965,3
"104","Kimberly","F",28832,1965,4
"105","Susan","F",26330,1965,5
"106","Patricia","F",23552,1965,6
"107","Donna","F",19696,1965,7
"108","Linda","F",19338,1965,8
"109","Cynthia","F",19247,1965,9
"110","Angela","F",18753,1965,10
"111","Tammy","F",18005,1965,11
"112","Pamela","F",17478,1965,12
"113","Deborah","F",17082,1965,13
"114","Julie","F",16988,1965,14
"115","Sandra","F",16372,1965,15
"116","Elizabeth","F",16318,1965,16
"117","Laura","F",16217,1965,17
"118","Michelle","F",16215,1965,18
"119","Lori","F",15699,1965,19
"120","Jennifer","F",15206,1965,20
"121","Lisa","F",56914,1966,1
"122","Kimberly","F",32229,1966,2
"123","Mary","F",28883,1966,3
"124","Michelle","F",27151,1966,4
"125","Karen","F",25444,1966,5
"126","Susan","F",23770,1966,6
"127","Patricia","F",20116,1966,7
"128","Tammy","F",18624,1966,8
"129","Angela","F",18531,1966,9
"130","Jennifer","F",18218,1966,10
"131","Cynthia","F",17413,1966,11
"132","Donna","F",17028,1966,12
"133","Julie","F",16328,1966,13
"134","Pamela","F",16255,1966,14
"135","Deborah","F",16250,1966,15
"136","Elizabeth","F",15889,1966,16
"137","Sandra","F",15851,1966,17
"138","Linda","F",15560,1966,18
"139","Christine","F",15549,1966,19
"140","Laura","F",15545,1966,20
"141","Lisa","F",52431,1967,1
"142","Kimberly","F",33101,1967,2
"143","Michelle","F",30823,1967,3
"144","Mary","F",25314,1967,4
"145","Susan","F",22258,1967,5
"146","Karen","F",21543,1967,6
"147","Angela","F",19540,1967,7
"148","Tammy","F",18656,1967,8
"149","Melissa","F",18374,1967,9
"150","Jennifer","F",18236,1967,10
"151","Patricia","F",17745,1967,11
"152","Amy","F",16129,1967,12
"153","Elizabeth","F",16112,1967,13
"154","Christine","F",15990,1967,14
"155","Laura","F",15817,1967,15
"156","Julie","F",15542,1967,16
"157","Pamela","F",15369,1967,17
"158","Cynthia","F",15339,1967,18
"159","Donna","F",14786,1967,19
"160","Sandra","F",14737,1967,20
"161","Lisa","F",49528,1968,1
"162","Michelle","F",33210,1968,2
"163","Kimberly","F",31910,1968,3
"164","Jennifer","F",26850,1968,4
"165","Melissa","F",21729,1968,5
"166","Mary","F",21721,1968,6
"167","Angela","F",20665,1968,7
"168","Tammy","F",20052,1968,8
"169","Karen","F",19557,1968,9
"170","Susan","F",19512,1968,10
"171","Laura","F",18743,1968,11
"172","Kelly","F",17136,1968,12
"173","Amy","F",17090,1968,13
"174","Christine","F",16515,1968,14
"175","Patricia","F",15805,1968,15
"176","Julie","F",15752,1968,16
"177","Elizabeth","F",14890,1968,17
"178","Tina","F",14769,1968,18
"179","Cynthia","F",14051,1968,19
"180","Pamela","F",14030,1968,20
"181","Lisa","F",45034,1969,1
"182","Michelle","F",34320,1969,2
"183","Jennifer","F",33705,1969,3
"184","Kimberly","F",33078,1969,4
"185","Melissa","F",23026,1969,5
"186","Amy","F",21469,1969,6
"187","Angela","F",21051,1969,7
"188","Mary","F",19853,1969,8
"189","Tammy","F",19054,1969,9
"190","Laura","F",17922,1969,10
"191","Susan","F",17812,1969,11
"192","Julie","F",17739,1969,12
"193","Karen","F",17631,1969,13
"194","Christine","F",16754,1969,14
"195","Kelly","F",16327,1969,15
"196","Elizabeth","F",15303,1969,16
"197","Tracy","F",15099,1969,17
"198","Patricia","F",14956,1969,18
"199","Stephanie","F",14489,1969,19
"200","Lori","F",14018,1969,20
"201","Jennifer","F",46160,1970,1
"202","Lisa","F",38958,1970,2
"203","Kimberly","F",34139,1970,3
"204","Michelle","F",34052,1970,4
"205","Amy","F",25211,1970,5
"206","Angela","F",24924,1970,6
"207","Melissa","F",23743,1970,7
"208","Tammy","F",19586,1970,8
"209","Mary","F",19200,1970,9
"210","Tracy","F",18467,1970,10
"211","Julie","F",17163,1970,11
"212","Karen","F",16702,1970,12
"213","Laura","F",16493,1970,13
"214","Christine","F",16059,1970,14
"215","Susan","F",15743,1970,15
"216","Dawn","F",15678,1970,16
"217","Stephanie","F",15390,1970,17
"218","Elizabeth","F",15123,1970,18
"219","Heather","F",14665,1970,19
"220","Kelly","F",14610,1970,20
"221","Jennifer","F",56784,1971,1
"222","Michelle","F",33156,1971,2
"223","Lisa","F",32905,1971,3
"224","Kimberly","F",30691,1971,4
"225","Amy","F",26239,1971,5
"226","Angela","F",25887,1971,6
"227","Melissa","F",23869,1971,7
"228","Tammy","F",17655,1971,8
"229","Mary","F",16698,1971,9
"230","Julie","F",15327,1971,10
"231","Stephanie","F",15144,1971,11
"232","Heather","F",15021,1971,12
"233","Tracy","F",14323,1971,13
"234","Dawn","F",14281,1971,14
"235","Karen","F",14210,1971,15
"236","Laura","F",13870,1971,16
"237","Susan","F",13777,1971,17
"238","Christine","F",13675,1971,18
"239","Elizabeth","F",13603,1971,19
"240","Tina","F",13260,1971,20
"241","Jennifer","F",63606,1972,1
"242","Michelle","F",29285,1972,2
"243","Lisa","F",27546,1972,3
"244","Kimberly","F",26296,1972,4
"245","Amy","F",25867,1972,5
"246","Angela","F",23552,1972,6
"247","Melissa","F",22493,1972,7
"248","Stephanie","F",16885,1972,8
"249","Heather","F",16323,1972,9
"250","Nicole","F",15754,1972,10
"251","Tammy","F",14210,1972,11
"252","Julie","F",14071,1972,12
"253","Mary","F",13763,1972,13
"254","Rebecca","F",13252,1972,14
"255","Elizabeth","F",12185,1972,15
"256","Christine","F",11993,1972,16
"257","Laura","F",11774,1972,17
"258","Tina","F",11518,1972,18
"259","Tracy","F",11437,1972,19
"260","Dawn","F",11339,1972,20
"261","Jennifer","F",62452,1973,1
"262","Amy","F",26962,1973,2
"263","Michelle","F",26931,1973,3
"264","Kimberly","F",23531,1973,4
"265","Lisa","F",22664,1973,5
"266","Melissa","F",22487,1973,6
"267","Angela","F",20894,1973,7
"268","Heather","F",19352,1973,8
"269","Stephanie","F",17257,1973,9
"270","Rebecca","F",14871,1973,10
"271","Nicole","F",13919,1973,11
"272","Julie","F",12789,1973,12
"273","Elizabeth","F",12361,1973,13
"274","Mary","F",12322,1973,14
"275","Tammy","F",11243,1973,15
"276","Christina","F",10885,1973,16
"277","Christine","F",10551,1973,17
"278","Kelly","F",10516,1973,18
"279","Laura","F",10341,1973,19
"280","Tracy","F",9910,1973,20
"281","Jennifer","F",63108,1974,1
"282","Amy","F",29566,1974,2
"283","Michelle","F",25826,1974,3
"284","Heather","F",23186,1974,4
"285","Angela","F",22800,1974,5
"286","Kimberly","F",22422,1974,6
"287","Melissa","F",22166,1974,7
"288","Lisa","F",19775,1974,8
"289","Stephanie","F",16983,1974,9
"290","Rebecca","F",15170,1974,10
"291","Nicole","F",13111,1974,11
"292","Elizabeth","F",12257,1974,12
"293","Mary","F",11752,1974,13
"294","Julie","F",11363,1974,14
"295","Christina","F",10853,1974,15
"296","Kelly","F",10847,1974,16
"297","Jessica","F",10653,1974,17
"298","Shannon","F",10608,1974,18
"299","Christine","F",9898,1974,19
"300","Sarah","F",9786,1974,20
"301","Jennifer","F",58183,1975,1
"302","Amy","F",32252,1975,2
"303","Heather","F",24304,1975,3
"304","Melissa","F",24166,1975,4
"305","Angela","F",23351,1975,5
"306","Michelle","F",22665,1975,6
"307","Kimberly","F",20263,1975,7
"308","Lisa","F",18130,1975,8
"309","Stephanie","F",15775,1975,9
"310","Nicole","F",14273,1975,10
"311","Rebecca","F",13926,1975,11
"312","Christina","F",12972,1975,12
"313","Jessica","F",12929,1975,13
"314","Amanda","F",12652,1975,14
"315","Elizabeth","F",12472,1975,15
"316","Kelly","F",11735,1975,16
"317","Sarah","F",11166,1975,17
"318","Julie","F",11141,1975,18
"319","Mary","F",10964,1975,19
"320","Laura","F",10314,1975,20
"321","Jennifer","F",59477,1976,1
"322","Amy","F",31342,1976,2
"323","Melissa","F",25090,1976,3
"324","Heather","F",24201,1976,4
"325","Angela","F",22045,1976,5
"326","Michelle","F",19550,1976,6
"327","Kimberly","F",18965,1976,7
"328","Jessica","F",18372,1976,8
"329","Lisa","F",17351,1976,9
"330","Amanda","F",15590,1976,10
"331","Stephanie","F",15173,1976,11
"332","Rebecca","F",14492,1976,12
"333","Nicole","F",14457,1976,13
"334","Christina","F",14036,1976,14
"335","Sarah","F",13991,1976,15
"336","Elizabeth","F",13551,1976,16
"337","Shannon","F",13372,1976,17
"338","Jamie","F",12539,1976,18
"339","Kelly","F",11791,1976,19
"340","Laura","F",11248,1976,20
"341","Jennifer","F",58961,1977,1
"342","Melissa","F",26884,1977,2
"343","Amy","F",26729,1977,3
"344","Jessica","F",24841,1977,4
"345","Heather","F",23771,1977,5
"346","Angela","F",20995,1977,6
"347","Michelle","F",19539,1977,7
"348","Kimberly","F",18287,1977,8
"349","Amanda","F",18280,1977,9
"350","Kelly","F",18235,1977,10
"351","Sarah","F",18096,1977,11
"352","Lisa","F",17013,1977,12
"353","Elizabeth","F",16424,1977,13
"354","Stephanie","F",15419,1977,14
"355","Nicole","F",15250,1977,15
"356","Christina","F",14495,1977,16
"357","Rebecca","F",14194,1977,17
"358","Jamie","F",12901,1977,18
"359","Shannon","F",12520,1977,19
"360","Laura","F",11324,1977,20
"361","Jennifer","F",56309,1978,1
"362","Melissa","F",28332,1978,2
"363","Jessica","F",26104,1978,3
"364","Amy","F",23217,1978,4
"365","Heather","F",22267,1978,5
"366","Amanda","F",20519,1978,6
"367","Angela","F",20503,1978,7
"368","Sarah","F",19979,1978,8
"369","Michelle","F",18861,1978,9
"370","Nicole","F",17269,1978,10
"371","Lisa","F",17030,1978,11
"372","Kelly","F",16985,1978,12
"373","Kimberly","F",16874,1978,13
"374","Elizabeth","F",16810,1978,14
"375","Christina","F",16368,1978,15
"376","Stephanie","F",16229,1978,16
"377","Rebecca","F",13800,1978,17
"378","Crystal","F",12591,1978,18
"379","Laura","F",11243,1978,19
"380","Jamie","F",10983,1978,20
"381","Jennifer","F",56716,1979,1
"382","Melissa","F",34049,1979,2
"383","Amanda","F",31927,1979,3
"384","Jessica","F",27778,1979,4
"385","Amy","F",21613,1979,5
"386","Sarah","F",21017,1979,6
"387","Heather","F",20839,1979,7
"388","Angela","F",20256,1979,8
"389","Nicole","F",19505,1979,9
"390","Michelle","F",19266,1979,10
"391","Elizabeth","F",18075,1979,11
"392","Kimberly","F",17637,1979,12
"393","Lisa","F",17287,1979,13
"394","Christina","F",16458,1979,14
"395","Stephanie","F",16204,1979,15
"396","Kelly","F",15299,1979,16
"397","Rebecca","F",14546,1979,17
"398","Crystal","F",13465,1979,18
"399","Jamie","F",12155,1979,19
"400","Laura","F",11884,1979,20
"401","Jennifer","F",58385,1980,1
"402","Amanda","F",35818,1980,2
"403","Jessica","F",33920,1980,3
"404","Melissa","F",31631,1980,4
"405","Sarah","F",25744,1980,5
"406","Heather","F",19971,1980,6
"407","Nicole","F",19916,1980,7
"408","Amy","F",19832,1980,8
"409","Elizabeth","F",19526,1980,9
"410","Michelle","F",19120,1980,10
"411","Kimberly","F",18497,1980,11
"412","Angela","F",17969,1980,12
"413","Stephanie","F",17840,1980,13
"414","Tiffany","F",16225,1980,14
"415","Christina","F",16136,1980,15
"416","Lisa","F",15660,1980,16
"417","Rebecca","F",15283,1980,17
"418","Crystal","F",14259,1980,18
"419","Kelly","F",13714,1980,19
"420","Erin","F",13432,1980,20
"421","Jennifer","F",57038,1981,1
"422","Jessica","F",42525,1981,2
"423","Amanda","F",34373,1981,3
"424","Sarah","F",28164,1981,4
"425","Melissa","F",28007,1981,5
"426","Amy","F",20339,1981,6
"427","Nicole","F",20310,1981,7
"428","Stephanie","F",20205,1981,8
"429","Elizabeth","F",20172,1981,9
"430","Heather","F",17943,1981,10
"431","Michelle","F",17771,1981,11
"432","Rebecca","F",16731,1981,12
"433","Kimberly","F",16689,1981,13
"434","Tiffany","F",16413,1981,14
"435","Angela","F",15917,1981,15
"436","Crystal","F",15879,1981,16
"437","Christina","F",14393,1981,17
"438","Lisa","F",14291,1981,18
"439","Erin","F",13852,1981,19
"440","Amber","F",13811,1981,20
"441","Jennifer","F",57108,1982,1
"442","Jessica","F",45439,1982,2
"443","Amanda","F",34207,1982,3
"444","Sarah","F",28480,1982,4
"445","Melissa","F",25858,1982,5
"446","Nicole","F",21702,1982,6
"447","Stephanie","F",20860,1982,7
"448","Elizabeth","F",20504,1982,8
"449","Crystal","F",19102,1982,9
"450","Amy","F",18798,1982,10
"451","Michelle","F",17763,1982,11
"452","Heather","F",17483,1982,12
"453","Tiffany","F",17168,1982,13
"454","Kimberly","F",16094,1982,14
"455","Rebecca","F",15725,1982,15
"456","Angela","F",15003,1982,16
"457","Ashley","F",14847,1982,17
"458","Amber","F",14673,1982,18
"459","Christina","F",14512,1982,19
"460","Erin","F",14362,1982,20
"461","Jennifer","F",54336,1983,1
"462","Jessica","F",45278,1983,2
"463","Amanda","F",33752,1983,3
"464","Ashley","F",33291,1983,4
"465","Sarah","F",27228,1983,5
"466","Melissa","F",23469,1983,6
"467","Nicole","F",22391,1983,7
"468","Stephanie","F",22321,1983,8
"469","Heather","F",20748,1983,9
"470","Elizabeth","F",19838,1983,10
"471","Crystal","F",17902,1983,11
"472","Amy","F",17093,1983,12
"473","Michelle","F",16829,1983,13
"474","Tiffany","F",15959,1983,14
"475","Kimberly","F",15376,1983,15
"476","Christina","F",15357,1983,16
"477","Amber","F",14883,1983,17
"478","Erin","F",14837,1983,18
"479","Rebecca","F",14713,1983,19
"480","Rachel","F",14588,1983,20
"481","Jennifer","F",50556,1984,1
"482","Jessica","F",45849,1984,2
"483","Ashley","F",38759,1984,3
"484","Amanda","F",33903,1984,4
"485","Sarah","F",25873,1984,5
"486","Stephanie","F",23017,1984,6
"487","Nicole","F",22264,1984,7
"488","Melissa","F",21887,1984,8
"489","Heather","F",21484,1984,9
"490","Elizabeth","F",20360,1984,10
"491","Megan","F",16974,1984,11
"492","Crystal","F",16560,1984,12
"493","Amy","F",15990,1984,13
"494","Tiffany","F",15854,1984,14
"495","Rachel","F",15837,1984,15
"496","Danielle","F",15664,1984,16
"497","Michelle","F",15503,1984,17
"498","Amber","F",15365,1984,18
"499","Laura","F",14812,1984,19
"500","Christina","F",14699,1984,20
"501","Jessica","F",48344,1985,1
"502","Ashley","F",47002,1985,2
"503","Jennifer","F",42648,1985,3
"504","Amanda","F",39048,1985,4
"505","Sarah","F",24871,1985,5
"506","Stephanie","F",23236,1985,6
"507","Nicole","F",22958,1985,7
"508","Heather","F",21149,1985,8
"509","Elizabeth","F",20534,1985,9
"510","Megan","F",20012,1985,10
"511","Melissa","F",19961,1985,11
"512","Christina","F",16596,1985,12
"513","Rachel","F",16362,1985,13
"514","Laura","F",15992,1985,14
"515","Lauren","F",15765,1985,15
"516","Amber","F",15505,1985,16
"517","Brittany","F",15435,1985,17
"518","Danielle","F",15403,1985,18
"519","Kimberly","F",14912,1985,19
"520","Amy","F",14421,1985,20
"521","Jessica","F",52660,1986,1
"522","Ashley","F",49673,1986,2
"523","Amanda","F",40521,1986,3
"524","Jennifer","F",36179,1986,4
"525","Sarah","F",28137,1986,5
"526","Stephanie","F",22634,1986,6
"527","Nicole","F",21283,1986,7
"528","Brittany","F",20309,1986,8
"529","Heather","F",19788,1986,9
"530","Elizabeth","F",19064,1986,10
"531","Megan","F",18595,1986,11
"532","Melissa","F",17661,1986,12
"533","Amber","F",16948,1986,13
"534","Lauren","F",16676,1986,14
"535","Rachel","F",15446,1986,15
"536","Danielle","F",14945,1986,16
"537","Tiffany","F",14484,1986,17
"538","Kimberly","F",14414,1986,18
"539","Christina","F",14375,1986,19
"540","Laura","F",14170,1986,20
"541","Jessica","F",55985,1987,1
"542","Ashley","F",54836,1987,2
"543","Amanda","F",41786,1987,3
"544","Jennifer","F",32691,1987,4
"545","Sarah","F",27881,1987,5
"546","Stephanie","F",22396,1987,6
"547","Brittany","F",22223,1987,7
"548","Nicole","F",20284,1987,8
"549","Heather","F",18979,1987,9
"550","Elizabeth","F",18601,1987,10
"551","Samantha","F",17938,1987,11
"552","Megan","F",17822,1987,12
"553","Melissa","F",17668,1987,13
"554","Danielle","F",17001,1987,14
"555","Amber","F",16748,1987,15
"556","Lauren","F",16704,1987,16
"557","Rachel","F",15643,1987,17
"558","Tiffany","F",14745,1987,18
"559","Emily","F",14711,1987,19
"560","Christina","F",13816,1987,20
"561","Jessica","F",51527,1988,1
"562","Ashley","F",49960,1988,2
"563","Amanda","F",39443,1988,3
"564","Sarah","F",28356,1988,4
"565","Jennifer","F",27883,1988,5
"566","Brittany","F",26815,1988,6
"567","Stephanie","F",22832,1988,7
"568","Samantha","F",20693,1988,8
"569","Nicole","F",20307,1988,9
"570","Elizabeth","F",20023,1988,10
"571","Lauren","F",19631,1988,11
"572","Megan","F",18561,1988,12
"573","Tiffany","F",18362,1988,13
"574","Heather","F",18030,1988,14
"575","Amber","F",16676,1988,15
"576","Melissa","F",16541,1988,16
"577","Danielle","F",16249,1988,17
"578","Emily","F",15860,1988,18
"579","Rachel","F",15342,1988,19
"580","Kayla","F",13428,1988,20
"581","Jessica","F",47888,1989,1
"582","Ashley","F",47586,1989,2
"583","Brittany","F",37785,1989,3
"584","Amanda","F",36828,1989,4
"585","Sarah","F",27788,1989,5
"586","Samantha","F",24792,1989,6
"587","Jennifer","F",23994,1989,7
"588","Stephanie","F",22768,1989,8
"589","Lauren","F",21060,1989,9
"590","Elizabeth","F",20292,1989,10
"591","Megan","F",19789,1989,11
"592","Nicole","F",19023,1989,12
"593","Emily","F",17323,1989,13
"594","Amber","F",16758,1989,14
"595","Heather","F",16248,1989,15
"596","Tiffany","F",15711,1989,16
"597","Danielle","F",15365,1989,17
"598","Rachel","F",15355,1989,18
"599","Melissa","F",15204,1989,19
"600","Kayla","F",14902,1989,20
"601","Jessica","F",46463,1990,1
"602","Ashley","F",45546,1990,2
"603","Brittany","F",36534,1990,3
"604","Amanda","F",34401,1990,4
"605","Samantha","F",25867,1990,5
"606","Sarah","F",25809,1990,6
"607","Stephanie","F",24856,1990,7
"608","Jennifer","F",22219,1990,8
"609","Elizabeth","F",20740,1990,9
"610","Lauren","F",20496,1990,10
"611","Megan","F",20254,1990,11
"612","Emily","F",19356,1990,12
"613","Nicole","F",17950,1990,13
"614","Kayla","F",17537,1990,14
"615","Amber","F",15863,1990,15
"616","Rachel","F",15702,1990,16
"617","Courtney","F",15377,1990,17
"618","Danielle","F",14331,1990,18
"619","Heather","F",14217,1990,19
"620","Melissa","F",13996,1990,20
"621","Ashley","F",43483,1991,1
"622","Jessica","F",43394,1991,2
"623","Brittany","F",29089,1991,3
"624","Amanda","F",28888,1991,4
"625","Samantha","F",25645,1991,5
"626","Sarah","F",25228,1991,6
"627","Stephanie","F",22766,1991,7
"628","Jennifer","F",20672,1991,8
"629","Elizabeth","F",20389,1991,9
"630","Emily","F",20311,1991,10
"631","Megan","F",19274,1991,11
"632","Kayla","F",18541,1991,12
"633","Lauren","F",18410,1991,13
"634","Rachel","F",16340,1991,14
"635","Nicole","F",16044,1991,15
"636","Amber","F",14991,1991,16
"637","Danielle","F",13618,1991,17
"638","Chelsea","F",13509,1991,18
"639","Courtney","F",13442,1991,19
"640","Melissa","F",13340,1991,20
"641","Ashley","F",38452,1992,1
"642","Jessica","F",38351,1992,2
"643","Amanda","F",25031,1992,3
"644","Brittany","F",24972,1992,4
"645","Sarah","F",24632,1992,5
"646","Samantha","F",24402,1992,6
"647","Emily","F",21832,1992,7
"648","Stephanie","F",19669,1992,8
"649","Elizabeth","F",19024,1992,9
"650","Megan","F",17844,1992,10
"651","Jennifer","F",17817,1992,11
"652","Lauren","F",17214,1992,12
"653","Kayla","F",16515,1992,13
"654","Nicole","F",16320,1992,14
"655","Chelsea","F",16176,1992,15
"656","Rachel","F",15830,1992,16
"657","Taylor","F",14950,1992,17
"658","Danielle","F",14095,1992,18
"659","Amber","F",13914,1992,19
"660","Rebecca","F",13107,1992,20
"661","Jessica","F",34983,1993,1
"662","Ashley","F",34847,1993,2
"663","Sarah","F",24235,1993,3
"664","Samantha","F",23664,1993,4
"665","Emily","F",23590,1993,5
"666","Brittany","F",21728,1993,6
"667","Taylor","F",21266,1993,7
"668","Amanda","F",20800,1993,8
"669","Elizabeth","F",17548,1993,9
"670","Stephanie","F",17180,1993,10
"671","Megan","F",16384,1993,11
"672","Lauren","F",16186,1993,12
"673","Nicole","F",16179,1993,13
"674","Rachel","F",15959,1993,14
"675","Jennifer","F",15747,1993,15
"676","Kayla","F",15448,1993,16
"677","Amber","F",14064,1993,17
"678","Danielle","F",12985,1993,18
"679","Victoria","F",12923,1993,19
"680","Courtney","F",12575,1993,20
"681","Jessica","F",32114,1994,1
"682","Ashley","F",30275,1994,2
"683","Emily","F",24149,1994,3
"684","Samantha","F",22819,1994,4
"685","Sarah","F",22275,1994,5
"686","Taylor","F",20732,1994,6
"687","Brittany","F",18900,1994,7
"688","Amanda","F",18710,1994,8
"689","Elizabeth","F",16775,1994,9
"690","Megan","F",16579,1994,10
"691","Nicole","F",16010,1994,11
"692","Kayla","F",15884,1994,12
"693","Rachel","F",15480,1994,13
"694","Lauren","F",15153,1994,14
"695","Stephanie","F",14749,1994,15
"696","Hannah","F",14493,1994,16
"697","Jennifer","F",13998,1994,17
"698","Alexis","F",13036,1994,18
"699","Victoria","F",12689,1994,19
"700","Danielle","F",12447,1994,20
"701","Jessica","F",27937,1995,1
"702","Ashley","F",26603,1995,2
"703","Emily","F",24379,1995,3
"704","Samantha","F",21646,1995,4
"705","Sarah","F",21358,1995,5
"706","Taylor","F",20423,1995,6
"707","Hannah","F",17010,1995,7
"708","Brittany","F",16476,1995,8
"709","Amanda","F",16344,1995,9
"710","Elizabeth","F",16182,1995,10
"711","Kayla","F",16084,1995,11
"712","Rachel","F",16041,1995,12
"713","Megan","F",15526,1995,13
"714","Alexis","F",14331,1995,14
"715","Lauren","F",13444,1995,15
"716","Stephanie","F",12979,1995,16
"717","Courtney","F",12771,1995,17
"718","Jennifer","F",12684,1995,18
"719","Nicole","F",12276,1995,19
"720","Victoria","F",12250,1995,20
"721","Emily","F",25148,1996,1
"722","Jessica","F",24189,1996,2
"723","Ashley","F",23675,1996,3
"724","Sarah","F",21023,1996,4
"725","Samantha","F",20544,1996,5
"726","Taylor","F",19150,1996,6
"727","Hannah","F",18591,1996,7
"728","Alexis","F",16585,1996,8
"729","Rachel","F",16103,1996,9
"730","Elizabeth","F",15986,1996,10
"731","Kayla","F",15270,1996,11
"732","Megan","F",14768,1996,12
"733","Amanda","F",13963,1996,13
"734","Brittany","F",13796,1996,14
"735","Madison","F",13409,1996,15
"736","Lauren","F",12597,1996,16
"737","Brianna","F",11922,1996,17
"738","Victoria","F",11856,1996,18
"739","Jennifer","F",11728,1996,19
"740","Stephanie","F",11640,1996,20
"741","Emily","F",25729,1997,1
"742","Jessica","F",21044,1997,2
"743","Ashley","F",20893,1997,3
"744","Sarah","F",20685,1997,4
"745","Hannah","F",20584,1997,5
"746","Samantha","F",20169,1997,6
"747","Taylor","F",19503,1997,7
"748","Alexis","F",17172,1997,8
"749","Elizabeth","F",15410,1997,9
"750","Madison","F",15187,1997,10
"751","Megan","F",14241,1997,11
"752","Kayla","F",13884,1997,12
"753","Rachel","F",13777,1997,13
"754","Lauren","F",13242,1997,14
"755","Alyssa","F",12645,1997,15
"756","Amanda","F",12235,1997,16
"757","Brianna","F",12007,1997,17
"758","Jennifer","F",11837,1997,18
"759","Victoria","F",11790,1997,19
"760","Brittany","F",11527,1997,20
"761","Emily","F",26177,1998,1
"762","Hannah","F",21368,1998,2
"763","Samantha","F",20191,1998,3
"764","Ashley","F",19868,1998,4
"765","Sarah","F",19865,1998,5
"766","Alexis","F",19775,1998,6
"767","Taylor","F",18572,1998,7
"768","Jessica","F",18229,1998,8
"769","Madison","F",17785,1998,9
"770","Elizabeth","F",15176,1998,10
"771","Alyssa","F",13709,1998,11
"772","Kayla","F",13422,1998,12
"773","Megan","F",13254,1998,13
"774","Lauren","F",12907,1998,14
"775","Rachel","F",12192,1998,15
"776","Victoria","F",12144,1998,16
"777","Brianna","F",12046,1998,17
"778","Abigail","F",11095,1998,18
"779","Amanda","F",10904,1998,19
"780","Jennifer","F",10686,1998,20
"781","Emily","F",26535,1999,1
"782","Hannah","F",21667,1999,2
"783","Alexis","F",19231,1999,3
"784","Sarah","F",19081,1999,4
"785","Samantha","F",19032,1999,5
"786","Ashley","F",18131,1999,6
"787","Madison","F",18051,1999,7
"788","Taylor","F",16905,1999,8
"789","Jessica","F",16349,1999,9
"790","Elizabeth","F",15331,1999,10
"791","Alyssa","F",14035,1999,11
"792","Lauren","F",13912,1999,12
"793","Kayla","F",13288,1999,13
"794","Brianna","F",12408,1999,14
"795","Megan","F",12222,1999,15
"796","Victoria","F",11864,1999,16
"797","Emma","F",11719,1999,17
"798","Abigail","F",11677,1999,18
"799","Rachel","F",11617,1999,19
"800","Olivia","F",11252,1999,20
"801","Emily","F",25952,2000,1
"802","Hannah","F",23071,2000,2
"803","Madison","F",19967,2000,3
"804","Ashley","F",17994,2000,4
"805","Sarah","F",17684,2000,5
"806","Alexis","F",17627,2000,6
"807","Samantha","F",17264,2000,7
"808","Jessica","F",15702,2000,8
"809","Elizabeth","F",15087,2000,9
"810","Taylor","F",15078,2000,10
"811","Lauren","F",14172,2000,11
"812","Alyssa","F",13552,2000,12
"813","Kayla","F",13310,2000,13
"814","Abigail","F",13087,2000,14
"815","Brianna","F",12873,2000,15
"816","Olivia","F",12852,2000,16
"817","Emma","F",12537,2000,17
"818","Megan","F",11433,2000,18
"819","Grace","F",11283,2000,19
"820","Victoria","F",10921,2000,20
"821","Emily","F",25051,2001,1
"822","Madison","F",22158,2001,2
"823","Hannah","F",20706,2001,3
"824","Ashley","F",16524,2001,4
"825","Alexis","F",16396,2001,5
"826","Sarah","F",15886,2001,6
"827","Samantha","F",15860,2001,7
"828","Abigail","F",14803,2001,8
"829","Elizabeth","F",14778,2001,9
"830","Olivia","F",13973,2001,10
"831","Jessica","F",13915,2001,11
"832","Taylor","F",13686,2001,12
"833","Emma","F",13303,2001,13
"834","Alyssa","F",13265,2001,14
"835","Lauren","F",12778,2001,15
"836","Grace","F",12083,2001,16
"837","Kayla","F",11889,2001,17
"838","Brianna","F",11773,2001,18
"839","Anna","F",10568,2001,19
"840","Megan","F",10296,2001,20
"841","Emily","F",24456,2002,1
"842","Madison","F",21772,2002,2
"843","Hannah","F",18814,2002,3
"844","Emma","F",16528,2002,4
"845","Alexis","F",15631,2002,5
"846","Ashley","F",15336,2002,6
"847","Abigail","F",15292,2002,7
"848","Sarah","F",14750,2002,8
"849","Samantha","F",14657,2002,9
"850","Olivia","F",14628,2002,10
"851","Elizabeth","F",14590,2002,11
"852","Alyssa","F",12841,2002,12
"853","Lauren","F",12322,2002,13
"854","Isabella","F",12164,2002,14
"855","Grace","F",12052,2002,15
"856","Jessica","F",11912,2002,16
"857","Brianna","F",11516,2002,17
"858","Taylor","F",11464,2002,18
"859","Kayla","F",11306,2002,19
"860","Anna","F",10381,2002,20
"861","Emily","F",25683,2003,1
"862","Emma","F",22698,2003,2
"863","Madison","F",20197,2003,3
"864","Hannah","F",17628,2003,4
"865","Olivia","F",16141,2003,5
"866","Abigail","F",15917,2003,6
"867","Alexis","F",14857,2003,7
"868","Ashley","F",14512,2003,8
"869","Elizabeth","F",14090,2003,9
"870","Samantha","F",13862,2003,10
"871","Isabella","F",13770,2003,11
"872","Sarah","F",13752,2003,12
"873","Grace","F",12770,2003,13
"874","Alyssa","F",12741,2003,14
"875","Lauren","F",11045,2003,15
"876","Kayla","F",10949,2003,16
"877","Brianna","F",10578,2003,17
"878","Jessica","F",10445,2003,18
"879","Taylor","F",10303,2003,19
"880","Sophia","F",9682,2003,20
"881","Emily","F",25021,2004,1
"882","Emma","F",21596,2004,2
"883","Madison","F",20614,2004,3
"884","Olivia","F",16100,2004,4
"885","Hannah","F",15598,2004,5
"886","Abigail","F",15422,2004,6
"887","Isabella","F",15012,2004,7
"888","Ashley","F",14369,2004,8
"889","Samantha","F",13774,2004,9
"890","Elizabeth","F",13547,2004,10
"891","Alexis","F",13464,2004,11
"892","Sarah","F",12724,2004,12
"893","Grace","F",12525,2004,13
"894","Alyssa","F",12099,2004,14
"895","Sophia","F",10913,2004,15
"896","Lauren","F",9981,2004,16
"897","Brianna","F",9795,2004,17
"898","Kayla","F",9764,2004,18
"899","Natalie","F",9686,2004,19
"900","Anna","F",9514,2004,20
"901","Emily","F",23925,2005,1
"902","Emma","F",20332,2005,2
"903","Madison","F",19559,2005,3
"904","Abigail","F",15746,2005,4
"905","Olivia","F",15690,2005,5
"906","Isabella","F",15168,2005,6
"907","Hannah","F",14840,2005,7
"908","Samantha","F",13631,2005,8
"909","Ava","F",13601,2005,9
"910","Ashley","F",13270,2005,10
"911","Elizabeth","F",12718,2005,11
"912","Sophia","F",12667,2005,12
"913","Alexis","F",11959,2005,13
"914","Grace","F",11859,2005,14
"915","Sarah","F",11523,2005,15
"916","Alyssa","F",10879,2005,16
"917","Mia","F",10838,2005,17
"918","Natalie","F",10728,2005,18
"919","Chloe","F",9583,2005,19
"920","Brianna","F",9354,2005,20
"921","Emily","F",21385,2006,1
"922","Emma","F",19104,2006,2
"923","Madison","F",18610,2006,3
"924","Isabella","F",18212,2006,4
"925","Ava","F",16935,2006,5
"926","Abigail","F",15621,2006,6
"927","Olivia","F",15487,2006,7
"928","Hannah","F",14535,2006,8
"929","Sophia","F",13493,2006,9
"930","Samantha","F",12453,2006,10
"931","Elizabeth","F",12411,2006,11
"932","Ashley","F",12336,2006,12
"933","Mia","F",12015,2006,13
"934","Alexis","F",11219,2006,14
"935","Sarah","F",11140,2006,15
"936","Grace","F",10962,2006,16
"937","Natalie","F",10940,2006,17
"938","Chloe","F",10396,2006,18
"939","Alyssa","F",10169,2006,19
"940","Brianna","F",9359,2006,20
"941","Emily","F",19340,2007,1
"942","Isabella","F",19126,2007,2
"943","Emma","F",18360,2007,3
"944","Ava","F",18037,2007,4
"945","Madison","F",17946,2007,5
"946","Sophia","F",17011,2007,6
"947","Olivia","F",16570,2007,7
"948","Abigail","F",15460,2007,8
"949","Hannah","F",13290,2007,9
"950","Elizabeth","F",13031,2007,10
"951","Addison","F",11943,2007,11
"952","Samantha","F",11865,2007,12
"953","Ashley","F",11421,2007,13
"954","Alyssa","F",11256,2007,14
"955","Mia","F",10905,2007,15
"956","Chloe","F",10741,2007,16
"957","Natalie","F",10430,2007,17
"958","Sarah","F",9983,2007,18
"959","Alexis","F",9898,2007,19
"960","Grace","F",9760,2007,20
"961","Emma","F",18791,2008,1
"962","Isabella","F",18598,2008,2
"963","Emily","F",17419,2008,3
"964","Olivia","F",17066,2008,4
"965","Ava","F",17024,2008,5
"966","Madison","F",17016,2008,6
"967","Sophia","F",16071,2008,7
"968","Abigail","F",15069,2008,8
"969","Elizabeth","F",11980,2008,9
"970","Chloe","F",11813,2008,10
"971","Samantha","F",11172,2008,11
"972","Addison","F",10755,2008,12
"973","Natalie","F",10194,2008,13
"974","Mia","F",10165,2008,14
"975","Alexis","F",9711,2008,15
"976","Alyssa","F",9623,2008,16
"977","Hannah","F",9550,2008,17
"978","Ashley","F",9399,2008,18
"979","Ella","F",9342,2008,19
"980","Grace","F",9031,2008,20
"981","Isabella","F",22273,2009,1
"982","Emma","F",17877,2009,2
"983","Olivia","F",17416,2009,3
"984","Sophia","F",16920,2009,4
"985","Ava","F",15858,2009,5
"986","Emily","F",15333,2009,6
"987","Madison","F",15213,2009,7
"988","Abigail","F",14373,2009,8
"989","Chloe","F",11891,2009,9
"990","Mia","F",11407,2009,10
"991","Elizabeth","F",11015,2009,11
"992","Addison","F",10652,2009,12
"993","Alexis","F",9917,2009,13
"994","Samantha","F",9648,2009,14
"995","Ella","F",9642,2009,15
"996","Natalie","F",9400,2009,16
"997","Grace","F",8304,2009,17
"998","Lily","F",8090,2009,18
"999","Alyssa","F",7948,2009,19
"1000","Ashley","F",7808,2009,20
"1001","Isabella","F",22872,2010,1
"1002","Sophia","F",20601,2010,2
"1003","Emma","F",17316,2010,3
"1004","Olivia","F",17004,2010,4
"1005","Ava","F",15407,2010,5
"1006","Emily","F",14256,2010,6
"1007","Abigail","F",14223,2010,7
"1008","Madison","F",13155,2010,8
"1009","Chloe","F",11735,2010,9
"1010","Mia","F",10618,2010,10
"1011","Addison","F",10313,2010,11
"1012","Elizabeth","F",10234,2010,12
"1013","Ella","F",9866,2010,13
"1014","Natalie","F",8760,2010,14
"1015","Samantha","F",8391,2010,15
"1016","Alexis","F",8246,2010,16
"1017","Lily","F",7970,2010,17
"1018","Grace","F",7670,2010,18
"1019","Hailey","F",7002,2010,19
"1020","Alyssa","F",6974,2010,20
"1021","Sophia","F",21799,2011,1
"1022","Isabella","F",19850,2011,2
"1023","Emma","F",18761,2011,3
"1024","Olivia","F",17286,2011,4
"1025","Ava","F",15471,2011,5
"1026","Emily","F",14228,2011,6
"1027","Abigail","F",13221,2011,7
"1028","Madison","F",12351,2011,8
"1029","Mia","F",11503,2011,9
"1030","Chloe","F",10966,2011,10
"1031","Elizabeth","F",10050,2011,11
"1032","Ella","F",9567,2011,12
"1033","Addison","F",9286,2011,13
"1034","Natalie","F",8620,2011,14
"1035","Lily","F",8164,2011,15
"1036","Grace","F",7613,2011,16
"1037","Samantha","F",7375,2011,17
"1038","Avery","F",7331,2011,18
"1039","Sofia","F",7314,2011,19
"1040","Aubrey","F",7167,2011,20
"1041","Sophia","F",22245,2012,1
"1042","Emma","F",20871,2012,2
"1043","Isabella","F",19026,2012,3
"1044","Olivia","F",17253,2012,4
"1045","Ava","F",15494,2012,5
"1046","Emily","F",13606,2012,6
"1047","Abigail","F",12644,2012,7
"1048","Mia","F",11978,2012,8
"1049","Madison","F",11360,2012,9
"1050","Elizabeth","F",9647,2012,10
"1051","Chloe","F",9628,2012,11
"1052","Ella","F",9164,2012,12
"1053","Avery","F",8303,2012,13
"1054","Addison","F",8159,2012,14
"1055","Aubrey","F",8028,2012,15
"1056","Lily","F",7933,2012,16
"1057","Natalie","F",7880,2012,17
"1058","Sofia","F",7808,2012,18
"1059","Charlotte","F",7459,2012,19
"1060","Zoey","F",7442,2012,20
"1061","Sophia","F",21075,2013,1
"1062","Emma","F",20788,2013,2
"1063","Olivia","F",18256,2013,3
"1064","Isabella","F",17490,2013,4
"1065","Ava","F",15129,2013,5
"1066","Mia","F",13066,2013,6
"1067","Emily","F",13044,2013,7
"1068","Abigail","F",12313,2013,8
"1069","Madison","F",10529,2013,9
"1070","Elizabeth","F",9345,2013,10
"1071","Charlotte","F",9232,2013,11
"1072","Avery","F",9121,2013,12
"1073","Sofia","F",9108,2013,13
"1074","Chloe","F",8714,2013,14
"1075","Ella","F",8370,2013,15
"1076","Harper","F",8222,2013,16
"1077","Amelia","F",7979,2013,17
"1078","Aubrey","F",7927,2013,18
"1079","Addison","F",7677,2013,19
"1080","Evelyn","F",7616,2013,20
"7335","David","M",85932,1960,1
"7336","Michael","M",84205,1960,2
"7337","James","M",76872,1960,3
"7338","John","M",76123,1960,4
"7339","Robert","M",72381,1960,5
"7340","Mark","M",58741,1960,6
"7341","William","M",49346,1960,7
"7342","Richard","M",43563,1960,8
"7343","Thomas","M",39303,1960,9
"7344","Steven","M",33902,1960,10
"7345","Timothy","M",30486,1960,11
"7346","Joseph","M",29761,1960,12
"7347","Charles","M",29689,1960,13
"7348","Jeffrey","M",28834,1960,14
"7349","Kevin","M",28385,1960,15
"7350","Kenneth","M",27680,1960,16
"7351","Daniel","M",25971,1960,17
"7352","Paul","M",25648,1960,18
"7353","Donald","M",22732,1960,19
"7354","Brian","M",21998,1960,20
"7527","Michael","M",86914,1961,1
"7528","David","M",84764,1961,2
"7529","John","M",79910,1961,3
"7530","James","M",75894,1961,4
"7531","Robert","M",72908,1961,5
"7532","Mark","M",57750,1961,6
"7533","William","M",48005,1961,7
"7534","Richard","M",41122,1961,8
"7535","Thomas","M",37538,1961,9
"7536","Steven","M",32239,1961,10
"7537","Jeffrey","M",32014,1961,11
"7538","Joseph","M",29442,1961,12
"7539","Charles","M",29191,1961,13
"7540","Kevin","M",28903,1961,14
"7541","Timothy","M",28242,1961,15
"7542","Kenneth","M",26088,1961,16
"7543","Daniel","M",25882,1961,17
"7544","Paul","M",25629,1961,18
"7545","Scott","M",23913,1961,19
"7546","Brian","M",22555,1961,20
"7583","Michael","M",85036,1962,1
"7584","David","M",81320,1962,2
"7585","John","M",78447,1962,3
"7586","James","M",72564,1962,4
"7587","Robert","M",70211,1962,5
"7588","Mark","M",53517,1962,6
"7589","William","M",44867,1962,7
"7590","Richard","M",39426,1962,8
"7591","Thomas","M",36533,1962,9
"7592","Jeffrey","M",33528,1962,10
"7593","Scott","M",30712,1962,11
"7594","Steven","M",30700,1962,12
"7595","Joseph","M",30098,1962,13
"7596","Kevin","M",28361,1962,14
"7597","Charles","M",27593,1962,15
"7598","Timothy","M",27082,1962,16
"7599","Daniel","M",25555,1962,17
"7600","Kenneth","M",25248,1962,18
"7601","Paul","M",23801,1962,19
"7602","Brian","M",23246,1962,20
"7661","Michael","M",83795,1963,1
"7662","John","M",78644,1963,2
"7663","David","M",78490,1963,3
"7664","James","M",71327,1963,4
"7665","Robert","M",70025,1963,5
"7666","Mark","M",49363,1963,6
"7667","William","M",44487,1963,7
"7668","Richard","M",40778,1963,8
"7669","Thomas","M",35512,1963,9
"7670","Jeffrey","M",31725,1963,10
"7671","Kevin","M",30622,1963,11
"7672","Scott","M",30424,1963,12
"7673","Joseph","M",30099,1963,13
"7674","Steven","M",29363,1963,14
"7675","Timothy","M",27203,1963,15
"7676","Charles","M",26798,1963,16
"7677","Paul","M",26686,1963,17
"7678","Kenneth","M",25249,1963,18
"7679","Daniel","M",24836,1963,19
"7680","Brian","M",24128,1963,20
"7803","Michael","M",82671,1964,1
"7804","John","M",82540,1964,2
"7805","David","M",75062,1964,3
"7806","James","M",73049,1964,4
"7807","Robert","M",69995,1964,5
"7808","Mark","M",45294,1964,6
"7809","William","M",44244,1964,7
"7810","Richard","M",40102,1964,8
"7811","Thomas","M",34462,1964,9
"7812","Jeffrey","M",30739,1964,10
"7813","Joseph","M",30569,1964,11
"7814","Steven","M",29720,1964,12
"7815","Kevin","M",29365,1964,13
"7816","Scott","M",28517,1964,14
"7817","Timothy","M",28099,1964,15
"7818","Paul","M",26879,1964,16
"7819","Charles","M",25903,1964,17
"7820","Kenneth","M",24866,1964,18
"7821","Daniel","M",24350,1964,19
"7822","Brian","M",24203,1964,20
"75351","Michael","M",81052,1965,1
"75361","John","M",71568,1965,2
"75371","David","M",67888,1965,3
"75381","James","M",67705,1965,4
"75391","Robert","M",63157,1965,5
"75401","William","M",40146,1965,6
"75411","Mark","M",38282,1965,7
"75421","Richard","M",36864,1965,8
"75431","Thomas","M",31643,1965,9
"75441","Jeffrey","M",29596,1965,10
"75451","Joseph","M",28662,1965,11
"75461","Timothy","M",28348,1965,12
"7547","Kevin","M",28192,1965,13
"7548","Steven","M",28002,1965,14
"7549","Scott","M",25454,1965,15
"7550","Paul","M",24935,1965,16
"7551","Daniel","M",24860,1965,17
"7552","Christopher","M",24651,1965,18
"7553","Brian","M",24562,1965,19
"7554","Charles","M",23498,1965,20
"7615","Michael","M",80012,1966,1
"7616","David","M",66446,1966,2
"7617","James","M",65194,1966,3
"7618","John","M",65054,1966,4
"7619","Robert","M",59345,1966,5
"7620","William","M",38274,1966,6
"7621","Mark","M",34814,1966,7
"7622","Richard","M",34469,1966,8
"7623","Jeffrey","M",30201,1966,9
"7624","Thomas","M",29012,1966,10
"7625","Timothy","M",28928,1966,11
"7626","Christopher","M",27876,1966,12
"7627","Steven","M",27707,1966,13
"7628","Brian","M",27271,1966,14
"7629","Joseph","M",26995,1966,15
"7630","Scott","M",26040,1966,16
"7631","Kevin","M",25596,1966,17
"7632","Paul","M",23585,1966,18
"7633","Daniel","M",23277,1966,19
"7634","Charles","M",22269,1966,20
"7849","Michael","M",82456,1967,1
"7850","David","M",66804,1967,2
"7851","James","M",61708,1967,3
"7852","John","M",61637,1967,4
"7853","Robert","M",56383,1967,5
"7854","William","M",37627,1967,6
"7855","Mark","M",34937,1967,7
"7856","Richard","M",33590,1967,8
"7857","Christopher","M",29439,1967,9
"7858","Brian","M",28663,1967,10
"7859","Timothy","M",28600,1967,11
"7860","Thomas","M",28285,1967,12
"7861","Jeffrey","M",28095,1967,13
"7862","Steven","M",27042,1967,14
"7863","Joseph","M",25941,1967,15
"7864","Scott","M",25557,1967,16
"7865","Kevin","M",24623,1967,17
"7866","Paul","M",22842,1967,18
"7867","Daniel","M",22219,1967,19
"7868","Charles","M",21300,1967,20
"8194","Michael","M",82019,1968,1
"8195","David","M",63743,1968,2
"8196","John","M",60921,1968,3
"8197","James","M",60727,1968,4
"8198","Robert","M",58230,1968,5
"8199","William","M",36966,1968,6
"8200","Mark","M",35433,1968,7
"8201","Richard","M",33000,1968,8
"8202","Christopher","M",31479,1968,9
"8203","Brian","M",29953,1968,10
"8204","Jeffrey","M",28380,1968,11
"8205","Thomas","M",27455,1968,12
"8206","Timothy","M",26524,1968,13
"8207","Scott","M",26024,1968,14
"8208","Steven","M",25510,1968,15
"8209","Joseph","M",25402,1968,16
"8210","Kevin","M",23882,1968,17
"8211","Daniel","M",22025,1968,18
"8212","Paul","M",21884,1968,19
"8213","Charles","M",21573,1968,20
"8708","Michael","M",85235,1969,1
"8709","David","M",63727,1969,2
"8710","James","M",59945,1969,3
"8711","John","M",58792,1969,4
"8712","Robert","M",58350,1969,5
"8713","William","M",37644,1969,6
"8714","Christopher","M",35714,1969,7
"8715","Mark","M",33410,1969,8
"8716","Brian","M",31711,1969,9
"8717","Richard","M",31102,1969,10
"8718","Jeffrey","M",28989,1969,11
"8719","Scott","M",28684,1969,12
"8720","Thomas","M",27484,1969,13
"8721","Steven","M",26563,1969,14
"8722","Joseph","M",26198,1969,15
"8723","Kevin","M",23586,1969,16
"8724","Timothy","M",23373,1969,17
"8725","Daniel","M",23200,1969,18
"8726","Charles","M",21683,1969,19
"8727","Anthony","M",20910,1969,20
"9345","Michael","M",85316,1970,1
"9346","James","M",61779,1970,2
"9347","David","M",61773,1970,3
"9348","John","M",58541,1970,4
"9349","Robert","M",57210,1970,5
"9350","Christopher","M",41793,1970,6
"9351","William","M",38910,1970,7
"9352","Brian","M",31946,1970,8
"9353","Mark","M",31499,1970,9
"9354","Richard","M",30462,1970,10
"9355","Jeffrey","M",30156,1970,11
"9356","Scott","M",28593,1970,12
"9357","Jason","M",27295,1970,13
"9358","Kevin","M",26986,1970,14
"9359","Steven","M",26824,1970,15
"9360","Joseph","M",26732,1970,16
"9361","Thomas","M",26692,1970,17
"9362","Eric","M",23589,1970,18
"9363","Daniel","M",23544,1970,19
"9364","Timothy","M",22448,1970,20
"9632","Michael","M",77606,1971,1
"9633","James","M",54605,1971,2
"9634","David","M",53133,1971,3
"9635","John","M",51520,1971,4
"9636","Robert","M",50657,1971,5
"9637","Christopher","M",48249,1971,6
"9638","William","M",35444,1971,7
"9639","Jason","M",34189,1971,8
"9640","Brian","M",32646,1971,9
"9641","Scott","M",30926,1971,10
"9642","Richard","M",26168,1971,11
"9643","Jeffrey","M",25852,1971,12
"9644","Mark","M",25142,1971,13
"9645","Kevin","M",24875,1971,14
"9646","Joseph","M",24512,1971,15
"9647","Steven","M",23696,1971,16
"9648","Thomas","M",23162,1971,17
"9649","Eric","M",22977,1971,18
"9650","Matthew","M",22571,1971,19
"9651","Daniel","M",21784,1971,20
"9658","Michael","M",71431,1972,1
"9659","Christopher","M",52193,1972,2
"9660","James","M",47088,1972,3
"9661","David","M",46380,1972,4
"9662","John","M",43179,1972,5
"9663","Robert","M",43034,1972,6
"9664","Jason","M",37448,1972,7
"9665","Brian","M",36326,1972,8
"9666","William","M",30531,1972,9
"9667","Matthew","M",22950,1972,10
"9668","Scott","M",22869,1972,11
"9669","Joseph","M",22470,1972,12
"9670","Kevin","M",22372,1972,13
"9671","Richard","M",22322,1972,14
"9672","Daniel","M",22112,1972,15
"9673","Eric","M",22043,1972,16
"9674","Jeffrey","M",21690,1972,17
"9675","Mark","M",21514,1972,18
"9676","Steven","M",19861,1972,19
"9677","Thomas","M",19569,1972,20
"9801","Michael","M",67857,1973,1
"9802","Christopher","M",48325,1973,2
"9803","Jason","M",46691,1973,3
"9804","James","M",42899,1973,4
"9805","David","M",41109,1973,5
"9806","John","M",39174,1973,6
"9807","Robert","M",38718,1973,7
"9808","Brian","M",35714,1973,8
"9809","William","M",28021,1973,9
"9810","Matthew","M",24548,1973,10
"9811","Daniel","M",23693,1973,11
"9812","Joseph","M",21321,1973,12
"9813","Eric","M",20813,1973,13
"9814","Kevin","M",20795,1973,14
"9815","Mark","M",20380,1973,15
"9816","Richard","M",19955,1973,16
"9817","Jeffrey","M",19225,1973,17
"9818","Scott","M",18980,1973,18
"9819","Thomas","M",17943,1973,19
"9820","Steven","M",17196,1973,20
"10239","Michael","M",67582,1974,1
"10240","Jason","M",54776,1974,2
"10241","Christopher","M",48621,1974,3
"10242","David","M",41801,1974,4
"10243","James","M",41363,1974,5
"10244","John","M",37654,1974,6
"10245","Robert","M",37046,1974,7
"10246","Brian","M",34468,1974,8
"10247","Matthew","M",27224,1974,9
"10248","William","M",26994,1974,10
"10249","Daniel","M",23843,1974,11
"10250","Joseph","M",21841,1974,12
"10251","Eric","M",20187,1974,13
"10252","Kevin","M",19472,1974,14
"10253","Jeffrey","M",19333,1974,15
"10254","Mark","M",18912,1974,16
"10255","Richard","M",18653,1974,17
"10256","Scott","M",18044,1974,18
"10257","Steven","M",17673,1974,19
"10258","Thomas","M",17287,1974,20
"10603","Michael","M",68459,1975,1
"10604","Jason","M",52197,1975,2
"10605","Christopher","M",46583,1975,3
"10606","James","M",39597,1975,4
"10607","David","M",39171,1975,5
"10608","Robert","M",35340,1975,6
"10609","John","M",35102,1975,7
"10610","Brian","M",30606,1975,8
"10611","Matthew","M",28565,1975,9
"10612","William","M",25581,1975,10
"10613","Daniel","M",23832,1975,11
"10614","Joseph","M",22143,1975,12
"10615","Eric","M",19821,1975,13
"10616","Jeffrey","M",18323,1975,14
"10617","Kevin","M",18086,1975,15
"10618","Richard","M",17682,1975,16
"10619","Scott","M",17320,1975,17
"10620","Steven","M",17061,1975,18
"10621","Mark","M",16750,1975,19
"10622","Thomas","M",16558,1975,20
"10904","Michael","M",66971,1976,1
"10905","Jason","M",52679,1976,2
"10906","Christopher","M",45244,1976,3
"10907","David","M",39288,1976,4
"10908","James","M",38313,1976,5
"10909","John","M",33987,1976,6
"10910","Robert","M",33812,1976,7
"10911","Brian","M",30534,1976,8
"10912","Matthew","M",29994,1976,9
"10913","Daniel","M",24724,1976,10
"10914","William","M",24445,1976,11
"10915","Joseph","M",24077,1976,12
"10916","Eric","M",21374,1976,13
"10917","Jeremy","M",20137,1976,14
"10918","Kevin","M",18484,1976,15
"10919","Ryan","M",17501,1976,16
"10920","Jeffrey","M",17025,1976,17
"10921","Joshua","M",16869,1976,18
"10922","Richard","M",16767,1976,19
"10923","Steven","M",16664,1976,20
"11320","Michael","M",67610,1977,1
"11321","Jason","M",55651,1977,2
"11322","Christopher","M",46750,1977,3
"11323","David","M",40551,1977,4
"11324","James","M",40043,1977,5
"11325","John","M",34232,1977,6
"11326","Robert","M",34220,1977,7
"11327","Brian","M",32501,1977,8
"11328","Matthew","M",31977,1977,9
"11329","Joseph","M",26482,1977,10
"11330","Daniel","M",26080,1977,11
"11331","William","M",24776,1977,12
"11332","Kevin","M",22484,1977,13
"11333","Joshua","M",22071,1977,14
"11334","Jeremy","M",21613,1977,15
"11335","Ryan","M",21258,1977,16
"11336","Eric","M",20749,1977,17
"11337","Timothy","M",17978,1977,18
"11338","Jeffrey","M",17489,1977,19
"11339","Richard","M",17450,1977,20
"11464","Michael","M",67147,1978,1
"11465","Jason","M",51617,1978,2
"11466","Christopher","M",47251,1978,3
"11467","David","M",40696,1978,4
"11468","James","M",39908,1978,5
"11469","Matthew","M",34316,1978,6
"11470","John","M",34024,1978,7
"11471","Robert","M",33375,1978,8
"11472","Brian","M",29450,1978,9
"11473","Joseph","M",26679,1978,10
"11474","Daniel","M",26440,1978,11
"11475","Joshua","M",25211,1978,12
"11476","William","M",24185,1978,13
"11477","Ryan","M",21341,1978,14
"11478","Kevin","M",20110,1978,15
"11479","Eric","M",19773,1978,16
"11480","Timothy","M",19610,1978,17
"11481","Jeremy","M",19517,1978,18
"11482","Jeffrey","M",16998,1978,19
"11483","Anthony","M",16811,1978,20
"11958","Michael","M",67725,1979,1
"11959","Christopher","M",50672,1979,2
"11960","Jason","M",50383,1979,3
"11961","David","M",42065,1979,4
"11962","James","M",39364,1979,5
"11963","Matthew","M",35650,1979,6
"11964","John","M",35430,1979,7
"11965","Robert","M",34023,1979,8
"11966","Joshua","M",31130,1979,9
"11967","Brian","M",28669,1979,10
"11968","Joseph","M",28661,1979,11
"11969","Daniel","M",28515,1979,12
"11970","William","M",24687,1979,13
"11971","Ryan","M",23206,1979,14
"11972","Nicholas","M",21342,1979,15
"11973","Jeremy","M",21007,1979,16
"11974","Eric","M",20269,1979,17
"11975","Timothy","M",19071,1979,18
"11976","Kevin","M",18733,1979,19
"11977","Andrew","M",18623,1979,20
"12156","Michael","M",68660,1980,1
"12157","Christopher","M",49083,1980,2
"12158","Jason","M",48178,1980,3
"12159","David","M",41903,1980,4
"12160","James","M",39308,1980,5
"12161","Matthew","M",37851,1980,6
"12162","Joshua","M",36058,1980,7
"12163","John","M",35263,1980,8
"12164","Robert","M",34271,1980,9
"12165","Joseph","M",30184,1980,10
"12166","Daniel","M",29888,1980,11
"12167","Brian","M",28715,1980,12
"12168","Justin","M",26751,1980,13
"12169","William","M",25659,1980,14
"12170","Ryan","M",24802,1980,15
"12171","Eric","M",22619,1980,16
"12172","Nicholas","M",21017,1980,17
"12173","Jeremy","M",19901,1980,18
"12174","Andrew","M",19725,1980,19
"12175","Timothy","M",19156,1980,20
"12184","Michael","M",68740,1981,1
"12185","Christopher","M",50228,1981,2
"12186","Matthew","M",43322,1981,3
"12187","Jason","M",41912,1981,4
"12188","David","M",40636,1981,5
"12189","Joshua","M",39051,1981,6
"12190","James","M",38301,1981,7
"12191","John","M",34873,1981,8
"12192","Robert","M",34387,1981,9
"12193","Daniel","M",30988,1981,10
"12194","Joseph","M",30763,1981,11
"12195","Justin","M",27310,1981,12
"12196","Ryan","M",26817,1981,13
"12197","Brian","M",26595,1981,14
"12198","William","M",24788,1981,15
"12199","Jonathan","M",22591,1981,16
"12200","Eric","M",20719,1981,17
"12201","Andrew","M",20226,1981,18
"12202","Brandon","M",20212,1981,19
"12203","Adam","M",20041,1981,20
"12321","Michael","M",68193,1982,1
"12322","Christopher","M",59216,1982,2
"12323","Matthew","M",46042,1982,3
"12324","Jason","M",40606,1982,4
"12325","David","M",40432,1982,5
"12326","James","M",38868,1982,6
"12327","Joshua","M",38018,1982,7
"12328","John","M",34682,1982,8
"12329","Robert","M",34410,1982,9
"12330","Daniel","M",32647,1982,10
"12331","Joseph","M",31036,1982,11
"12332","Justin","M",29099,1982,12
"12333","Ryan","M",26693,1982,13
"12334","Brian","M",25831,1982,14
"12335","William","M",25594,1982,15
"12336","Jonathan","M",23118,1982,16
"12337","Andrew","M",22834,1982,17
"12338","Brandon","M",20208,1982,18
"12339","Adam","M",20092,1982,19
"12340","Eric","M",19863,1982,20
"12062","Michael","M",67979,1983,1
"12063","Christopher","M",59324,1983,2
"12064","Matthew","M",50200,1983,3
"12065","David","M",39188,1983,4
"12066","Joshua","M",36700,1983,5
"12067","James","M",36332,1983,6
"12068","Jason","M",35102,1983,7
"12069","Daniel","M",34739,1983,8
"12070","John","M",33138,1983,9
"12071","Robert","M",32734,1983,10
"12072","Joseph","M",30444,1983,11
"12073","Justin","M",28292,1983,12
"12074","Ryan","M",27828,1983,13
"12075","Brian","M",26055,1983,14
"12076","Andrew","M",25571,1983,15
"12077","William","M",25381,1983,16
"12078","Brandon","M",23514,1983,17
"12079","Adam","M",23478,1983,18
"12080","Jonathan","M",22739,1983,19
"12081","Eric","M",20331,1983,20
"121681","Michael","M",67707,1984,1
"121691","Christopher","M",60009,1984,2
"121701","Matthew","M",49755,1984,3
"121711","Joshua","M",40248,1984,4
"121721","David","M",38463,1984,5
"121731","Daniel","M",36506,1984,6
"121741","James","M",35828,1984,7
"121751","John","M",32588,1984,8
"12176","Robert","M",31751,1984,9
"12177","Joseph","M",30500,1984,10
"12178","Jason","M",29938,1984,11
"12179","Ryan","M",28708,1984,12
"12180","Justin","M",26760,1984,13
"12181","Andrew","M",25906,1984,14
"12182","Brandon","M",25665,1984,15
"12183","William","M",24886,1984,16
"121841","Brian","M",24708,1984,17
"121851","Adam","M",23933,1984,18
"121861","Jonathan","M",23327,1984,19
"121871","Nicholas","M",21007,1984,20
"12500","Michael","M",64883,1985,1
"12501","Christopher","M",59578,1985,2
"12502","Matthew","M",47046,1985,3
"12503","Joshua","M",42184,1985,4
"12504","Daniel","M",38527,1985,5
"12505","David","M",38499,1985,6
"12506","James","M",35834,1985,7
"12507","Robert","M",32075,1985,8
"12508","John","M",31490,1985,9
"12509","Joseph","M",30209,1985,10
"12510","Andrew","M",30160,1985,11
"12511","Ryan","M",29880,1985,12
"12512","Brandon","M",29298,1985,13
"12513","Jason","M",26025,1985,14
"12514","Justin","M",25533,1985,15
"12515","William","M",24607,1985,16
"12516","Jonathan","M",24119,1985,17
"12517","Brian","M",23052,1985,18
"12518","Nicholas","M",22379,1985,19
"12519","Anthony","M",22081,1985,20
"12816","Michael","M",64174,1986,1
"12817","Christopher","M",56664,1986,2
"12818","Matthew","M",46906,1986,3
"12819","Joshua","M",37532,1986,4
"12820","David","M",37130,1986,5
"12821","Daniel","M",36541,1986,6
"12822","James","M",34029,1986,7
"12823","Andrew","M",33842,1986,8
"12824","Robert","M",31331,1986,9
"12825","John","M",30176,1986,10
"12826","Ryan","M",29496,1986,11
"12827","Joseph","M",28819,1986,12
"12828","Brandon","M",27246,1986,13
"12829","Justin","M",26618,1986,14
"12830","William","M",24317,1986,15
"12831","Jonathan","M",23959,1986,16
"12832","Nicholas","M",22790,1986,17
"12833","Jason","M",22388,1986,18
"12834","Anthony","M",21948,1986,19
"12835","Brian","M",21012,1986,20
"13251","Michael","M",63629,1987,1
"13252","Christopher","M",54467,1987,2
"13253","Matthew","M",46472,1987,3
"13254","Joshua","M",39989,1987,4
"13255","David","M",36774,1987,5
"13256","Andrew","M",36194,1987,6
"13257","Daniel","M",35857,1987,7
"13258","James","M",32625,1987,8
"13259","Justin","M",31490,1987,9
"13260","Robert","M",30228,1987,10
"13261","John","M",29530,1987,11
"13262","Joseph","M",28504,1987,12
"13263","Ryan","M",28467,1987,13
"13264","Brandon","M",24814,1987,14
"13265","William","M",24199,1987,15
"13266","Nicholas","M",23244,1987,16
"13267","Anthony","M",23110,1987,17
"13268","Jonathan","M",23092,1987,18
"13269","Kevin","M",20404,1987,19
"13270","Brian","M",20352,1987,20
"13873","Michael","M",64100,1988,1
"13874","Christopher","M",52980,1988,2
"13875","Matthew","M",45864,1988,3
"13876","Joshua","M",42643,1988,4
"13877","Andrew","M",35715,1988,5
"13878","David","M",35300,1988,6
"13879","Justin","M",35034,1988,7
"13880","Daniel","M",34679,1988,8
"13881","James","M",32487,1988,9
"13882","Robert","M",30304,1988,10
"13883","John","M",29387,1988,11
"13884","Joseph","M",28997,1988,12
"13885","Ryan","M",27727,1988,13
"13886","Nicholas","M",25286,1988,14
"13887","Jonathan","M",24340,1988,15
"13888","William","M",24109,1988,16
"13889","Brandon","M",23725,1988,17
"13890","Anthony","M",23625,1988,18
"13891","Kevin","M",20158,1988,19
"13892","Eric","M",20155,1988,20
"14539","Michael","M",65380,1989,1
"14540","Christopher","M",53176,1989,2
"14541","Matthew","M",45373,1989,3
"14542","Joshua","M",44088,1989,4
"14543","David","M",35202,1989,5
"14544","Daniel","M",34987,1989,6
"14545","Andrew","M",34817,1989,7
"14546","Justin","M",32842,1989,8
"14547","James","M",32697,1989,9
"14548","Robert","M",30065,1989,10
"14549","Joseph","M",29867,1989,11
"14550","John","M",29833,1989,12
"14551","Ryan","M",28409,1989,13
"14552","Nicholas","M",28220,1989,14
"14553","William","M",24674,1989,15
"14554","Anthony","M",24424,1989,16
"14555","Jonathan","M",23598,1989,17
"14556","Brandon","M",23304,1989,18
"14557","Kevin","M",21200,1989,19
"14558","Kyle","M",20877,1989,20
"15230","Michael","M",65272,1990,1
"15231","Christopher","M",52321,1990,2
"15232","Matthew","M",44791,1990,3
"15233","Joshua","M",43212,1990,4
"15234","Daniel","M",33806,1990,5
"15235","David","M",33740,1990,6
"15236","Andrew","M",33651,1990,7
"15237","James","M",32340,1990,8
"15238","Justin","M",30635,1990,9
"15239","Joseph","M",30121,1990,10
"15240","Ryan","M",29238,1990,11
"15241","John","M",29068,1990,12
"15242","Robert","M",28863,1990,13
"15243","Nicholas","M",27898,1990,14
"15244","Anthony","M",25073,1990,15
"15245","William","M",24882,1990,16
"15246","Jonathan","M",24065,1990,17
"15247","Kyle","M",22696,1990,18
"15248","Brandon","M",22153,1990,19
"15249","Jacob","M",22000,1990,20
"15460","Michael","M",60784,1991,1
"15461","Christopher","M",47099,1991,2
"15462","Matthew","M",41631,1991,3
"15463","Joshua","M",41216,1991,4
"15464","Andrew","M",31524,1991,5
"15465","Daniel","M",30907,1991,6
"15466","James","M",30504,1991,7
"15467","David","M",30413,1991,8
"15468","Joseph","M",29832,1991,9
"15469","John","M",27796,1991,10
"15470","Ryan","M",27532,1991,11
"15471","Nicholas","M",27360,1991,12
"15472","Robert","M",26827,1991,13
"15473","Justin","M",26783,1991,14
"15474","Brandon","M",26016,1991,15
"15475","Tyler","M",25205,1991,16
"15476","Jacob","M",25184,1991,17
"15477","Anthony","M",24441,1991,18
"15478","William","M",23863,1991,19
"15479","Jonathan","M",22970,1991,20
"15603","Michael","M",54373,1992,1
"15604","Christopher","M",42462,1992,2
"15605","Matthew","M",37731,1992,3
"15606","Joshua","M",36210,1992,4
"15607","Andrew","M",30533,1992,5
"15608","Brandon","M",29618,1992,6
"15609","Daniel","M",29141,1992,7
"15610","Tyler","M",28792,1992,8
"15611","James","M",28504,1992,9
"15612","David","M",28402,1992,10
"15613","Joseph","M",27887,1992,11
"15614","Nicholas","M",27750,1992,12
"15615","Ryan","M",27007,1992,13
"15616","John","M",26234,1992,14
"15617","Jacob","M",25653,1992,15
"15618","Zachary","M",24795,1992,16
"15619","Robert","M",24084,1992,17
"15620","Justin","M",23613,1992,18
"15621","Anthony","M",23159,1992,19
"15622","William","M",23059,1992,20
"15795","Michael","M",49552,1993,1
"15796","Christopher","M",38229,1993,2
"15797","Matthew","M",35771,1993,3
"15798","Joshua","M",33576,1993,4
"15799","Tyler","M",29795,1993,5
"15800","Brandon","M",28734,1993,6
"15801","Daniel","M",28662,1993,7
"15802","Nicholas","M",28107,1993,8
"15803","Jacob","M",27471,1993,9
"15804","Andrew","M",27309,1993,10
"15805","David","M",27014,1993,11
"15806","Joseph","M",26998,1993,12
"15807","Ryan","M",26715,1993,13
"15808","James","M",26246,1993,14
"15809","Zachary","M",25535,1993,15
"15810","John","M",24983,1993,16
"15811","Robert","M",22445,1993,17
"15812","William","M",22207,1993,18
"15813","Anthony","M",21786,1993,19
"15814","Justin","M",21537,1993,20
"15754","Michael","M",44465,1994,1
"15755","Christopher","M",34799,1994,2
"15756","Matthew","M",33645,1994,3
"15757","Joshua","M",31366,1994,4
"15758","Tyler","M",30476,1994,5
"15759","Brandon","M",29487,1994,6
"15760","Jacob","M",29404,1994,7
"15761","Daniel","M",28046,1994,8
"15762","Nicholas","M",27760,1994,9
"15763","Andrew","M",26003,1994,10
"15764","Joseph","M",25721,1994,11
"15765","Zachary","M",25133,1994,12
"15766","David","M",24849,1994,13
"15767","James","M",24764,1994,14
"15768","John","M",24171,1994,15
"15769","Ryan","M",24053,1994,16
"15770","Austin","M",23192,1994,17
"15771","Anthony","M",21597,1994,18
"15772","William","M",21487,1994,19
"15773","Justin","M",20931,1994,20
"157541","Michael","M",41402,1995,1
"157551","Matthew","M",32873,1995,2
"157561","Christopher","M",32665,1995,3
"157571","Jacob","M",31118,1995,4
"157581","Joshua","M",30714,1995,5
"157591","Nicholas","M",29156,1995,6
"157601","Tyler","M",29152,1995,7
"157611","Brandon","M",26901,1995,8
"157621","Daniel","M",26695,1995,9
"157631","Austin","M",25906,1995,10
"157641","Andrew","M",25837,1995,11
"157651","Joseph","M",25332,1995,12
"157661","John","M",23226,1995,13
"157671","Zachary","M",23128,1995,14
"157681","Ryan","M",23089,1995,15
"157691","David","M",23026,1995,16
"157701","James","M",22723,1995,17
"157711","Justin","M",21579,1995,18
"157721","Anthony","M",20479,1995,19
"157731","William","M",20151,1995,20
"15889","Michael","M",38363,1996,1
"15890","Matthew","M",32071,1996,2
"15891","Jacob","M",31908,1996,3
"15892","Christopher","M",30900,1996,4
"15893","Joshua","M",29168,1996,5
"15894","Nicholas","M",27718,1996,6
"15895","Tyler","M",26954,1996,7
"15896","Brandon","M",25847,1996,8
"15897","Austin","M",25658,1996,9
"15898","Andrew","M",25226,1996,10
"15899","Daniel","M",25089,1996,11
"15900","Joseph","M",24740,1996,12
"15901","David","M",22988,1996,13
"15902","Zachary","M",22365,1996,14
"15903","John","M",22158,1996,15
"15904","Ryan","M",21805,1996,16
"15905","James","M",21153,1996,17
"15906","William","M",20537,1996,18
"15907","Anthony","M",20498,1996,19
"15908","Justin","M",20008,1996,20
"16157","Michael","M",37543,1997,1
"16158","Jacob","M",34140,1997,2
"16159","Matthew","M",31508,1997,3
"16160","Christopher","M",29099,1997,4
"16161","Joshua","M",28277,1997,5
"16162","Nicholas","M",27255,1997,6
"16163","Brandon","M",25190,1997,7
"16164","Andrew","M",25184,1997,8
"16165","Austin","M",25116,1997,9
"16166","Tyler","M",24879,1997,10
"16167","Daniel","M",23922,1997,11
"16168","Joseph","M",23574,1997,12
"16169","Zachary","M",21925,1997,13
"16170","David","M",21867,1997,14
"16171","John","M",21370,1997,15
"16172","Ryan","M",20525,1997,16
"16173","James","M",20399,1997,17
"16174","Anthony","M",20026,1997,18
"16175","William","M",20006,1997,19
"16176","Justin","M",18742,1997,20
"16594","Michael","M",36611,1998,1
"16595","Jacob","M",35997,1998,2
"16596","Matthew","M",31135,1998,3
"16597","Joshua","M",28084,1998,4
"16598","Christopher","M",26995,1998,5
"16599","Nicholas","M",26630,1998,6
"16600","Brandon","M",23828,1998,7
"16601","Tyler","M",23709,1998,8
"16602","Andrew","M",23645,1998,9
"16603","Austin","M",23475,1998,10
"16604","Joseph","M",23168,1998,11
"16605","Daniel","M",23132,1998,12
"16606","David","M",20861,1998,13
"16607","William","M",20825,1998,14
"16608","John","M",20608,1998,15
"16609","Zachary","M",20577,1998,16
"16610","Ryan","M",20193,1998,17
"16611","James","M",19679,1998,18
"16612","Anthony","M",19624,1998,19
"16613","Justin","M",17970,1998,20
"16939","Jacob","M",35344,1999,1
"16940","Michael","M",33900,1999,2
"16941","Matthew","M",30413,1999,3
"16942","Joshua","M",27249,1999,4
"16943","Nicholas","M",25633,1999,5
"16944","Christopher","M",25601,1999,6
"16945","Andrew","M",23847,1999,7
"16946","Joseph","M",23201,1999,8
"16947","Daniel","M",22667,1999,9
"16948","Tyler","M",22663,1999,10
"16949","Brandon","M",21598,1999,11
"16950","Ryan","M",21008,1999,12
"16951","Austin","M",20765,1999,13
"16952","William","M",20705,1999,14
"16953","John","M",20336,1999,15
"16954","David","M",20315,1999,16
"16955","Zachary","M",19980,1999,17
"16956","Anthony","M",19469,1999,18
"16957","James","M",18550,1999,19
"16958","Justin","M",18273,1999,20
"17653","Jacob","M",34462,2000,1
"17654","Michael","M",32025,2000,2
"17655","Matthew","M",28566,2000,3
"17656","Joshua","M",27529,2000,4
"17657","Christopher","M",24927,2000,5
"17658","Nicholas","M",24650,2000,6
"17659","Andrew","M",23629,2000,7
"17660","Joseph","M",22812,2000,8
"17661","Daniel","M",22304,2000,9
"17662","Tyler","M",21499,2000,10
"17663","William","M",20648,2000,11
"17664","Brandon","M",20334,2000,12
"17665","Ryan","M",20263,2000,13
"17666","John","M",20077,2000,14
"17667","Zachary","M",19848,2000,15
"17668","David","M",19745,2000,16
"17669","Anthony","M",19645,2000,17
"17670","James","M",17972,2000,18
"17671","Justin","M",17774,2000,19
"17672","Alexander","M",17278,2000,20
"17966","Jacob","M",32523,2001,1
"17967","Michael","M",29675,2001,2
"17968","Matthew","M",26794,2001,3
"17969","Joshua","M",26006,2001,4
"17970","Christopher","M",23117,2001,5
"17971","Nicholas","M",22839,2001,6
"17972","Andrew","M",22403,2001,7
"17973","Joseph","M",21990,2001,8
"17974","Daniel","M",20969,2001,9
"17975","William","M",20094,2001,10
"17976","Anthony","M",19727,2001,11
"17977","David","M",19327,2001,12
"17978","Tyler","M",19268,2001,13
"17979","John","M",18879,2001,14
"17980","Ryan","M",18285,2001,15
"17981","Zachary","M",18182,2001,16
"17982","Ethan","M",17959,2001,17
"17983","Brandon","M",17889,2001,18
"17984","James","M",17065,2001,19
"17985","Alexander","M",16713,2001,20
"18079","Jacob","M",30554,2002,1
"18080","Michael","M",28237,2002,2
"18081","Joshua","M",25975,2002,3
"18082","Matthew","M",25147,2002,4
"18083","Ethan","M",22103,2002,5
"18084","Andrew","M",22008,2002,6
"18085","Joseph","M",21884,2002,7
"18086","Christopher","M",21674,2002,8
"18087","Nicholas","M",21384,2002,9
"18088","Daniel","M",21302,2002,10
"18089","William","M",20115,2002,11
"18090","Anthony","M",19578,2002,12
"18091","David","M",18658,2002,13
"18092","Tyler","M",18260,2002,14
"18093","Alexander","M",17705,2002,15
"18094","Ryan","M",17656,2002,16
"18095","John","M",17436,2002,17
"18096","James","M",16950,2002,18
"18097","Zachary","M",16622,2002,19
"18098","Brandon","M",16270,2002,20
"18423","Jacob","M",29610,2003,1
"18424","Michael","M",27102,2003,2
"18425","Joshua","M",25084,2003,3
"18426","Matthew","M",23989,2003,4
"18427","Andrew","M",22143,2003,5
"18428","Ethan","M",21353,2003,6
"18429","Joseph","M",21348,2003,7
"18430","Daniel","M",21028,2003,8
"18431","Christopher","M",20735,2003,9
"18432","Anthony","M",20139,2003,10
"18433","William","M",19987,2003,11
"18434","Nicholas","M",19687,2003,12
"18435","Ryan","M",19570,2003,13
"18436","David","M",18603,2003,14
"18437","Tyler","M",18172,2003,15
"18438","Alexander","M",17704,2003,16
"18439","John","M",17217,2003,17
"18440","James","M",16887,2003,18
"18441","Dylan","M",15696,2003,19
"18442","Zachary","M",15537,2003,20
"18818","Jacob","M",27870,2004,1
"18819","Michael","M",25434,2004,2
"18820","Joshua","M",24181,2004,3
"18821","Matthew","M",22866,2004,4
"18822","Ethan","M",22201,2004,5
"18823","Andrew","M",21691,2004,6
"18824","Daniel","M",20963,2004,7
"18825","William","M",20219,2004,8
"18826","Joseph","M",20111,2004,9
"18827","Christopher","M",19617,2004,10
"18828","Anthony","M",19590,2004,11
"18829","Ryan","M",19485,2004,12
"18830","Nicholas","M",18504,2004,13
"18831","David","M",18369,2004,14
"18832","Alexander","M",17914,2004,15
"18833","Tyler","M",17436,2004,16
"18834","James","M",16446,2004,17
"18835","John","M",16435,2004,18
"18836","Dylan","M",14840,2004,19
"18837","Nathan","M",14621,2004,20
"19172","Jacob","M",25814,2005,1
"19173","Michael","M",23789,2005,2
"19174","Joshua","M",23231,2005,3
"19175","Matthew","M",21452,2005,4
"19176","Ethan","M",21300,2005,5
"19177","Andrew","M",20715,2005,6
"19178","Daniel","M",20197,2005,7
"19179","Anthony","M",19359,2005,8
"19180","Joseph","M",19193,2005,9
"19181","Christopher","M",19156,2005,10
"19182","William","M",19040,2005,11
"19183","Alexander","M",18106,2005,12
"19184","David","M",18093,2005,13
"19185","Ryan","M",17977,2005,14
"19186","Nicholas","M",17064,2005,15
"19187","Tyler","M",16979,2005,16
"19188","James","M",16118,2005,17
"19189","John","M",15757,2005,18
"19190","Jonathan","M",14430,2005,19
"19191","Nathan","M",14346,2005,20
"20041","Jacob","M",24820,2006,1
"20042","Michael","M",22620,2006,2
"20043","Joshua","M",22298,2006,3
"20044","Ethan","M",20498,2006,4
"20045","Matthew","M",20309,2006,5
"20046","Daniel","M",20043,2006,6
"20047","Andrew","M",19701,2006,7
"20048","Christopher","M",19659,2006,8
"20049","Anthony","M",19388,2006,9
"20050","William","M",18938,2006,10
"20051","Joseph","M",18422,2006,11
"20052","Alexander","M",18212,2006,12
"20053","David","M",17609,2006,13
"20054","Ryan","M",16422,2006,14
"20055","Noah","M",16320,2006,15
"20056","James","M",16225,2006,16
"20057","Nicholas","M",15661,2006,17
"20058","Tyler","M",15528,2006,18
"20059","John","M",15152,2006,19
"20060","Logan","M",15136,2006,20
"20545","Jacob","M",24245,2007,1
"20546","Michael","M",21957,2007,2
"20547","Ethan","M",21013,2007,3
"20548","Joshua","M",20637,2007,4
"20549","Daniel","M",20228,2007,5
"20550","Christopher","M",19995,2007,6
"20551","Anthony","M",19605,2007,7
"20552","William","M",18866,2007,8
"20553","Matthew","M",18719,2007,9
"20554","Andrew","M",18435,2007,10
"20555","Alexander","M",18127,2007,11
"20556","David","M",17505,2007,12
"20557","Joseph","M",17311,2007,13
"20558","Noah","M",16580,2007,14
"20559","James","M",15937,2007,15
"20560","Ryan","M",15700,2007,16
"20561","Logan","M",15310,2007,17
"20562","Jayden","M",15220,2007,18
"20563","John","M",14417,2007,19
"20564","Nicholas","M",14348,2007,20
"20435","Jacob","M",22560,2008,1
"20436","Michael","M",20580,2008,2
"20437","Ethan","M",20194,2008,3
"20438","Joshua","M",19177,2008,4
"20439","Daniel","M",18977,2008,5
"20440","Alexander","M",18676,2008,6
"20441","Anthony","M",18374,2008,7
"20442","William","M",18372,2008,8
"20443","Christopher","M",17920,2008,9
"20444","Matthew","M",17568,2008,10
"20445","Jayden","M",17122,2008,11
"20446","Andrew","M",16739,2008,12
"20447","Joseph","M",16539,2008,13
"20448","David","M",16293,2008,14
"20449","Noah","M",15771,2008,15
"20450","Aiden","M",15566,2008,16
"20451","James","M",15143,2008,17
"20452","Ryan","M",14668,2008,18
"20453","Logan","M",13834,2008,19
"20454","John","M",13303,2008,20
"20158","Jacob","M",21133,2009,1
"20159","Ethan","M",19828,2009,2
"20160","Michael","M",18899,2009,3
"20161","Alexander","M",18211,2009,4
"20162","William","M",17890,2009,5
"20163","Joshua","M",17611,2009,6
"20164","Daniel","M",17518,2009,7
"20165","Jayden","M",17247,2009,8
"20166","Noah","M",17218,2009,9
"20167","Christopher","M",16326,2009,10
"20168","Anthony","M",16276,2009,11
"20169","Aiden","M",15995,2009,12
"20170","Matthew","M",15959,2009,13
"20171","David","M",15417,2009,14
"20172","Joseph","M",14883,2009,15
"20173","Andrew","M",14837,2009,16
"20174","Logan","M",14436,2009,17
"20175","James","M",14170,2009,18
"20176","Ryan","M",13096,2009,19
"20177","Benjamin","M",13095,2009,20
"19792","Jacob","M",22074,2010,1
"19793","Ethan","M",17984,2010,2
"19794","Michael","M",17291,2010,3
"19795","Jayden","M",17137,2010,4
"19796","William","M",17024,2010,5
"19797","Alexander","M",16737,2010,6
"19798","Noah","M",16416,2010,7
"19799","Daniel","M",15806,2010,8
"19800","Aiden","M",15509,2010,9
"19801","Anthony","M",15461,2010,10
"19802","Joshua","M",15400,2010,11
"19803","Mason","M",14819,2010,12
"19804","Christopher","M",14236,2010,13
"19805","Andrew","M",14213,2010,14
"19806","David","M",14158,2010,15
"19807","Matthew","M",14092,2010,16
"19808","Logan","M",14009,2010,17
"19809","Elijah","M",13861,2010,18
"19810","James","M",13833,2010,19
"19811","Joseph","M",13785,2010,20
"19534","Jacob","M",20310,2011,1
"19535","Mason","M",19478,2011,2
"19536","William","M",17298,2011,3
"19537","Jayden","M",16939,2011,4
"19538","Noah","M",16824,2011,5
"19539","Michael","M",16716,2011,6
"19540","Ethan","M",16657,2011,7
"19541","Alexander","M",15672,2011,8
"19542","Aiden","M",15460,2011,9
"19543","Daniel","M",15232,2011,10
"19544","Anthony","M",14236,2011,11
"19545","Matthew","M",14136,2011,12
"19546","Elijah","M",13919,2011,13
"19547","Joshua","M",13709,2011,14
"19548","Liam","M",13415,2011,15
"19549","Andrew","M",13242,2011,16
"19550","James","M",13215,2011,17
"19551","David","M",13177,2011,18
"19552","Benjamin","M",13034,2011,19
"19553","Christopher","M",12960,2011,20
"19452","Jacob","M",18999,2012,1
"19453","Mason","M",18920,2012,2
"19454","Ethan","M",17621,2012,3
"19455","Noah","M",17275,2012,4
"19456","William","M",16818,2012,5
"19457","Liam","M",16756,2012,6
"19458","Michael","M",16076,2012,7
"19459","Jayden","M",16069,2012,8
"19460","Alexander","M",15182,2012,9
"19461","Aiden","M",14840,2012,10
"19462","Daniel","M",14209,2012,11
"19463","Matthew","M",13917,2012,12
"19464","Elijah","M",13786,2012,13
"19465","James","M",13351,2012,14
"19466","Anthony","M",13144,2012,15
"19467","Benjamin","M",12773,2012,16
"19468","Joshua","M",12587,2012,17
"19469","Andrew","M",12566,2012,18
"19470","Joseph","M",12481,2012,19
"19471","David","M",12478,2012,20
"19115","Noah","M",18090,2013,1
"19116","Liam","M",18002,2013,2
"19117","Jacob","M",17976,2013,3
"19118","Mason","M",17591,2013,4
"19119","William","M",16495,2013,5
"19120","Ethan","M",16127,2013,6
"19121","Michael","M",15366,2013,7
"19122","Alexander","M",14771,2013,8
"19123","Jayden","M",14656,2013,9
"19124","Daniel","M",14140,2013,10
"19125","Elijah","M",13626,2013,11
"19126","Aiden","M",13527,2013,12
"19127","James","M",13416,2013,13
"19128","Benjamin","M",13373,2013,14
"19129","Matthew","M",13226,2013,15
"19130","Jackson","M",12488,2013,16
"19131","Logan","M",12270,2013,17
"19132","David","M",12226,2013,18
"19133","Anthony","M",12164,2013,19
"19134","Joseph","M",12095,2013,20
